Dataset,Accuracy,Precision,Recall,F1-Score,ROC-AUC
Original,0.890302066772655,0.41935483870967744,0.09774436090225563,0.15853658536585366,0.8246649958228905
SMOTE,0.8116057233704292,0.2777777777777778,0.48872180451127817,0.3542234332425068,0.7752180451127819
SMOTE-ENN,0.8012718600953895,0.2825278810408922,0.5714285714285714,0.3781094527363184,0.801483709273183
